<?xml version="1.0" encoding="UTF-8"?>

<hibernate-configuration>
    <session-factory>

        <!-- Configuración de conexión -->
        <property name="hibernate.connection.driver_class">com.mysql.cj.jdbc.Driver</property>
        <property name="hibernate.connection.url">jdbc:mysql://188.78.176.33:3306/la_red_social</property>
        <property name="hibernate.connection.username">root</property>
        <property name="hibernate.connection.password">123</property>

        <!-- Dialecto -->
        <property name="hibernate.dialect">org.hibernate.dialect.MySQL8Dialect</property>

        <!-- Crear o actualizar tablas -->
        <property name="hibernate.hbm2ddl.auto">update</property>

        <!-- Mostrar SQL -->
        <property name="show_sql">true</property>
        <property name="format_sql">true</property>

        <!-- Fichero de mapeo -->
        <mapping resource="User.hbm.xml"/>
        <mapping resource="Profile.hbm.xml"/>
        <mapping resource="Post.hbm.xml"/>
        <mapping resource="Response.hbm.xml"/>

    </session-factory>
</hibernate-configuration>
